transaction_amount,credit_score,account_age_months,num_recent_transactions
91.14469112938166,701.7166694284417,73.57437946327899,9
37.17130567537544,681.8750498558966,87.4066221359608,9
275.6557008059861,747.3755954287784,38.42271966811475,9
314.67933414739895,733.734748890431,99.63875632512946,15
61.82250243041671,669.0817489977935,72.80669183820171,11
265.20350664384875,660.2553176499155,47.30563814418859,9
58.131042603734066,596.3822409152001,67.35944480783587,15
160.18860387559857,707.7015920841794,69.63454084487499,10
77.5383994662121,695.86511274908,20.698699830570057,14
15.692771205957262,756.8095687321271,48.92515201416897,15
315.6210846701473,717.9527546740184,41.86823997431968,8
72.63758758028266,766.7114597086345,48.707423986916005,8
159.13099525757178,665.1317886041915,91.57216002974569,15
54.9071379483982,756.907516548381,58.42207048853405,11
2.287367786651543,673.5541810447672,112.89762223547245,14
12.713997214953883,738.8798030896136,35.947493189653905,13
82.27374971232504,627.0620803734653,50.46872581590655,8
140.5281613320673,711.7567649683094,94.64786044700593,5
48.90843748384554,600.7656029277045,65.97692660516928,8
142.6855549987188,686.6431257029122,66.09634942450928,14
143.93220961917325,722.0176996938957,7.347479397616839,9
146.06151825591516,673.9515724384452,48.43335986349624,6
81.39619573233242,647.4781185622016,33.21731415818616,19
295.6518610039709,742.3059234647967,119.92087961690272,9
80.61244056612135,694.8268605076538,37.69425340524492,13
71.7983144437007,675.5214676484665,106.25508764046975,13
26.684384933117194,702.0947960577138,81.47181446981682,12
44.12052226355592,831.8334570972794,41.56905269385876,10
5.190806291765043,757.6751424890772,65.68059102652072,13
120.46236736579525,758.128683409392,101.02376971395405,14
34.287796123542755,721.7773159496182,106.12082746567852,17
43.51544523843306,708.3242636288574,20.08687112573128,15
176.7868385034642,580.1958855834791,41.409203803772186,11
47.560638707821695,666.0509826768434,40.89155844541503,14
33.27964313691302,675.9712793398762,6.003330733037418,13
22.223397610061095,606.2553967976233,72.19029342237569,7
178.92309012996515,642.1292104892283,102.72358630607037,13
16.6709387789982,600.9581764538683,46.407352151236616,11
72.56224996194454,698.0838082151314,89.06427745311707,9
84.852523512774,740.9382985424409,75.69634921848805,9
139.53583109229461,755.3387259312165,45.7021995236671,19
120.37993929977863,720.7392231039621,17.786116139583353,17
199.74377208573185,651.8301829400716,85.40953848034012,11
5.494043250808707,603.3967420740021,102.69325510400762,6
42.19237780542994,612.1565650299249,82.61668459577753,14
39.442843248059475,636.5508711372751,3.1275396001433498,12
18.941265739777023,655.5570150982163,26.73171443252796,9
40.96003071245002,692.0125751004207,9.268118201140297,12
44.486833774735075,649.2917890936516,68.87594584957098,16
88.5483437099276,716.9487946834131,91.02084378200908,9
130.77179742851726,688.3863248600263,14.158923261170473,9
57.57748801388189,700.5272855870513,100.76220065061284,6
152.52905189105508,757.0125276335602,67.1055684290625,8
49.16665972766729,640.9884132899815,83.10631244486527,19
41.14679211601185,720.9352289146184,116.5968199844289,10
93.49378327491021,699.3013385761964,10.958037601475981,13
2.880254441814382,683.3256859515152,108.24565873435692,12
9.978290611576131,744.262816043298,16.00622082250171,14
64.94790024150672,743.9507077278504,47.76209798976519,14
343.58085641050076,652.6754602005786,102.32120486340261,11
153.40554215667393,690.8919708071038,108.84425417180631,11
11.07048970632834,714.0605841292032,61.25822915187229,10
224.74437956589088,686.3496625988707,71.69845195477559,8
158.14694485031717,729.2510666143899,85.26953281722831,11
113.28461745015194,714.0596008955138,100.098281545873,10
205.97127755336578,791.6280620178006,15.459829174982273,10
62.123872463664036,623.4860432035106,97.39824767927809,15
30.04651650640546,693.8782005126301,58.27186191088239,12
86.09853633349839,654.5748744243905,54.62418758787211,9
95.51245518071366,730.2053727719522,51.44407048764279,14
92.7476484556319,619.1414054977228,61.59617864427907,11
99.90946774435744,717.3156355112443,113.46101585395782,10
356.419248421227,668.4975784325829,66.23624896226605,6
279.0356765531949,663.2919066939493,114.42812705331357,13
250.22332198399323,627.6750898229657,22.45452554326123,10
193.98566136317697,676.7462026899497,87.17218148108334,10
344.66916142920695,754.2250265145462,97.65650509444092,15
12.442715108781933,698.740565823526,81.81633092884857,14
36.966299577627154,731.3840208937237,73.22375134695831,11
81.99691671817742,783.2320910983137,68.2127209492557,13
224.91353377293908,713.1877792411287,103.45072742686482,14
84.42388118576153,672.0600213968829,98.7759450625755,13
165.4156866604364,723.3626107591394,15.552357820491343,12
17.95370495801955,672.7851926842854,101.9819311866745,14
34.908681599767924,674.7788658351416,50.27416571341266,8
157.91198172019492,624.0053600190507,31.189922769501482,19
21.600606315360018,746.3128745542197,104.50245959365718,12
51.944537789710566,680.6998712175281,52.41095115641525,8
36.92434009967996,709.1049122907931,97.19539813104119,11
51.66841927286926,648.201903569668,32.345029822745495,8
147.85342200798937,721.7973814857736,1.4675892492439184,14
55.0348934490516,661.9029380932458,59.95964395545038,7
97.23274897901706,692.9145639149087,12.927162540503227,6
12.634179163267964,743.8913015619563,90.77073870746425,14
196.1815750885884,739.5379656116264,33.852941192259834,13
55.42304286427364,698.898496374153,53.79383194581397,13
125.47713038435623,611.593448364664,11.356994245894954,9
155.08823029761967,849.6405285030321,35.112450565223064,13
28.235185570749447,787.2929485136568,93.99733894777006,9
259.2001102879861,736.133741244415,19.038961516376016,9
114.92362626503039,662.3398109204514,78.01198777410792,18
67.18617866243812,694.3203919149017,110.17367648373563,14
24.156334347537864,672.8289785111741,81.90057441116872,12
342.3017232464566,763.1927969548194,97.511581025775,17
168.81305896850427,713.1251445425917,13.96762388716598,8
27.98698814408679,660.7918070820084,30.83708729424448,8
49.44635067234084,676.462245043761,107.45012341663033,11
199.08218923988412,756.0594071284952,86.09756802055261,9
142.76013851349552,780.004892341024,77.10690533890003,8
174.1815314692698,776.4165781743122,79.9882415984823,11
69.83587488784364,737.8516032526989,50.28986596225257,15
151.25513155946433,687.3687565598682,6.302239162500733,10
58.627773984342234,537.924308733544,94.34854350641676,14
28.478669007314398,714.8580011904111,81.76687510962711,8
120.18165646280136,699.9085620577949,57.26373122941424,12
447.633822038131,706.9991048160676,108.07139422882264,15
44.6322040733927,702.6948673516603,41.00300013322676,7
74.15799533691882,633.6868919025421,36.02428756351707,12
134.5034524032025,727.8704278425593,104.8627626844537,11
93.57704266154356,731.6108157015925,95.84153091631927,10
222.50856073545071,734.116939102983,62.282597467153025,16
172.12849487841154,747.3288501786693,16.557433995484146,14
7.207866867110923,730.2025822460812,26.593505104341244,13
774.1334041762525,679.4985294230545,79.09113085864799,14
167.51407778817645,696.4581576041954,46.81990730300899,9
239.32676834646102,704.5562433626689,100.54030980825057,12
126.39000331309836,705.384972455331,114.04464611053228,10
232.79087978263277,749.9108827985865,96.87079410771527,10
14.305788850796883,732.1834376511246,45.927905336471305,11
51.27704462071852,803.8671719784977,94.85368507853947,8
250.9049033945449,810.3234489942336,42.82155914301133,8
27.025765051729387,703.9824791306962,20.884910444110435,18
9.776720365254365,508.16722257703157,4.97379137903703,15
186.2076239073585,761.8416233063633,46.900288818561386,11
216.5712662513832,672.9811830506472,108.52355713997655,10
21.301894183748754,659.9258039084497,29.4394039429255,11
231.182545758072,680.0777362505316,25.575066626644297,10
139.2972595665196,677.6678476592697,116.4086734436838,18
88.09697359431678,730.6134905052696,3.9754894292204623,8
212.81155778666863,622.0282110436888,94.50807589685677,16
65.21203376715387,646.11396271042,39.24302473316357,11
25.879684562578174,717.1579277098708,5.4610668674894605,11
40.2320052977271,731.1472015206654,110.21850228494046,6
84.42347056914255,732.0770822468006,17.617437294940448,9
90.94296891067046,660.648186053335,66.66173476335776,17
196.52865148822045,651.086717536688,33.61245068411618,10
188.0532150863247,674.6682583106041,8.757943459978232,15
104.4911496181609,711.9936376142363,6.9407757939421115,12
182.12454006943534,774.2738684636274,14.751247161524315,12
25.54954636312751,597.6281407114625,9.492674652836225,12
6.163346394064639,688.9635621520816,91.50641574687083,10
248.22857006540258,633.3660779487398,58.78237807172807,13
9.427340871580155,617.3878661323255,41.80415887052858,11
33.993163781029914,748.3478322672408,50.78590030570885,20
142.61877432143953,727.231228724967,111.54466153314218,13
63.203697676676526,722.4716757973631,109.37946571583952,12
250.8010727756598,746.0512919865497,86.16550113458665,12
42.455171140578656,676.0140551616932,106.27720291318084,7
1.4330848547910402,678.3681241833236,39.03811528292735,10
42.913441466712115,809.2865308361287,46.35200979498566,14
103.5513386918457,687.6714472870212,74.03174964065313,11
56.5807389746856,736.7566056527046,75.21148772837444,12
91.85331207585408,700.3190770481657,58.32228072346857,17
251.07707078138998,607.5870734960793,48.67828396411644,17
292.313482969073,597.7685498099365,118.35545708143472,16
37.10531000797906,671.0507890030048,98.7137115080092,13
74.41894267749159,752.8050625834994,52.76264354867738,16
95.59287776816765,739.4145828318002,87.54780479150865,11
357.3764541547311,745.7038582112017,33.07784149704268,5
790.0477235740086,650.6476910531842,12.920149822242255,17
32.20943259981161,780.7936245061156,42.93929204077614,11
155.78517062174268,651.7553349906808,48.95376321468391,11
56.983815212595516,710.6412199334984,2.9679178227198255,13
0.9769496505018673,699.4823855046131,97.96024819467164,11
1.115471148133091,691.3063089842707,43.7440148843126,12
74.06818215386946,766.9296069147804,70.0697617278375,14
80.41019939263242,664.744473991702,9.80161928524376,13
2.7393948608446426,632.5197372144036,21.82462262131949,8
139.35842640429263,700.999774310321,106.87355331397964,10
41.77738094519748,680.0086632856737,73.43381581805329,9
98.48851566275975,868.8691459541324,114.08380197028778,12
42.95865219515814,733.8253738219987,119.85125409256672,17
21.945947058761124,679.5329712390687,45.25135372463823,11
62.74246864467819,647.1944215406456,36.55756462590968,13
31.71858635221254,605.9855794715608,103.14437056393251,11
91.83479500056532,648.7390457131283,119.83475981745705,16
26.601634232212703,705.7470885879566,75.92730687366242,5
85.21224706800207,771.3664325797384,95.62174597887116,11
20.548491737942427,756.0844571193959,94.02775719901766,13
133.39447923687638,711.454741582319,43.28542527812609,16
168.260455181989,683.8416167148757,69.33817525059338,5
14.037224906763011,713.4406178206077,100.13377601044142,8
75.6888543179708,674.0681001257713,82.8855512750656,8
8.82101339028427,785.9181997881938,3.518493863862553,19
109.41085656163301,690.540490936246,41.06797459880649,12
36.848955482732656,695.6831070876636,18.192607894758037,18
89.99771609534919,589.2088787489666,28.72369323728665,6
87.44322622821332,690.2282576738618,108.75324782146775,11
309.80343500846766,741.8242068982471,5.39030138038141,11
95.57669825810854,646.6138711480727,27.156284723468925,23
104.95984937166557,662.4639832753594,37.83875291634954,19
61.63015631393803,739.6355508866832,74.40920456400099,8
357.2990054843968,626.1671388240974,64.558101120218,13
180.17010358068535,752.8900503770959,26.974068459552946,15
40.32476839041793,673.3928054913449,20.54468699955538,20
223.10924083218438,680.5715889754399,29.17896611693814,16
67.95983052912295,643.8060797437203,60.801025577497015,13
211.697650256275,718.9023130213942,33.27015649963321,20
207.71680365063477,822.993599251469,113.76469769131894,12
25.11926064384397,739.0748619730316,56.19996135003286,8
144.93405940082027,656.7857369029732,7.996725968811811,10
41.20755717770668,756.7810292745738,87.78270229455937,11
42.37193323854409,684.1660227032876,40.13258929686977,12
42.17657669769693,768.7242490713779,78.76518291493146,13
155.16632087226867,740.3338201082181,34.271730092264605,11
31.33666438805737,552.8429217264134,68.91850526626507,11
0.10874949153149498,649.7960183522487,92.88614807208829,8
150.73170109088088,747.2192611417695,111.43304027117192,18
22.5309600133795,707.5828636072508,32.07413018753617,9
13.242407833225545,648.8122026146075,40.84797716887876,16
32.54086949841148,668.3205242253093,56.24770401402682,15
57.345043913613075,604.688168995531,111.33380569058268,10
77.53018155281029,695.5813356236802,108.2650359604682,13
5.471258480467332,810.5344863007882,11.695515331975926,18
423.1024754724947,740.2466695366163,16.69964926470349,11
151.08037014645205,809.5208500594212,59.96559210234595,8
46.84448423997011,744.1198544894991,13.687693463845395,9
46.04982186035952,751.3739671676345,42.124123928494996,12
71.422871440598,798.7039343872511,18.65786000787984,9
118.09851626809663,718.8631629671113,76.68880226069442,14
18.991323211385442,690.638633924656,113.98995637696025,8
25.128082293772838,751.6328758311006,119.61131866503139,8
235.44987551513023,772.6920118560943,45.65369476713286,8
35.526833099912125,676.0017678643895,72.28250381663887,10
57.402043593087924,663.9215458829985,102.89585076936568,9
246.00629639509387,706.942801621544,14.977986662769695,14
130.57333293335756,741.5749433465832,83.05816491518384,11
50.17350841853715,739.904552433078,49.65239574528312,22
138.12752549456977,628.79161999062,25.531393073339526,9
2.385541192873976,795.5803033531661,48.927680630945595,6
159.65442366121397,667.9417535301575,10.039274148825106,13
80.10128428356822,686.746750155571,83.75345068212738,10
201.31454237660537,654.8672820006091,31.076377581065916,20
371.16874288517937,834.9164417968543,38.057271760340484,14
312.1004185481541,712.1035335143984,15.408674490734066,7
287.97751052173874,657.4512459659218,103.89443455289711,8
86.13458449746253,743.1961774981223,59.71986923464589,14
53.58110167536046,738.4567889655017,69.08547845658163,14
75.06654741600143,690.6136488210058,68.7624892882877,13
140.5017077494541,742.0303356391692,49.848680630419665,19
258.4975107787025,658.7354019584568,23.911059937138596,17
27.829774213590163,675.3540862525374,89.6707970713096,20
300.4073281780024,599.4891672716968,16.119695577563245,11
202.60489867626157,633.8024457890218,13.360981043178448,7
462.7679783437295,790.3815402835343,85.50725947398391,19
254.68366211982715,782.0714313861157,25.851605433786077,14
39.410043439848636,703.2894324324482,37.505957410987044,9
13.440022662558746,783.1465723594919,57.55206857320709,9
14.28660603775808,691.9962756695847,54.472806690816,8
41.30577346845862,687.8294848716046,85.32091588273491,18
114.28727900379707,702.8255324232778,75.18838341975996,12
195.75315282318414,693.7539202338218,77.68314331154201,12
275.413935014809,689.240183821991,85.97246534799942,10
117.3012549552948,757.1699053574777,35.82091456339238,11
0.6776674042041598,707.5067826978102,39.357664104256365,13
24.742097887717534,735.6240882216903,53.12173199957094,12
12.606761277842269,751.5690262638666,37.587998590989606,11
54.17941607850237,719.4092897827367,118.20760640753275,9
83.5023389740663,651.4864337045881,97.87217924415013,15
5.3240397976486316,632.3567055517981,20.59390790246752,10
51.41328931316873,707.4390317403653,1.6657045499424719,6
23.694125038661785,691.4371847587532,6.091208921424875,7
124.97832156936782,704.369571446006,30.043550674108108,12
74.89552785464306,699.1972980375707,14.60066301458593,16
82.05912617306421,829.1786830083283,64.46723567221608,6
66.96931207330792,633.4886872179331,103.10143150455568,13
374.88164532410843,600.5026865089437,88.67327628867406,10
29.008103746298808,716.6188416759804,26.65747850678066,13
87.24525031375937,681.1788722705902,48.516611467068515,13
159.82463607151988,715.8033934864976,61.43941093422204,8
97.66012304539149,729.1941511142,97.41449609089693,14
317.44435322894486,764.2052347589449,100.85547076963361,10
56.97171748347253,624.6387089808031,109.25647911702534,16
74.7619752933475,672.1641051071418,61.60018480984215,11
11.122580042685493,721.4380629440382,83.61869482586769,11
112.68545345698514,738.5231797843613,14.304244176838521,7
40.79701444663961,809.6724775144193,68.26938623452386,16
20.966563082799258,747.7851985556933,30.59432532706508,9
94.37139177141023,697.1605702056861,52.37430931816672,9
91.19401906283198,655.4782123528669,76.45201048849961,8
9.468516067710587,671.7855073640491,31.58132660459995,14
143.76503260573105,670.3648588521447,7.210021877814569,10
117.30725317588534,732.761681425688,2.217828912642144,13
25.141024261045278,712.8498722792915,3.636984729798064,14
76.05750512461599,633.8175214578911,1.9936187641385898,10
152.89435373781706,678.2049265454783,14.132251730387182,9
90.45873027894233,743.877377672571,29.499157033845457,6
60.4002645913284,717.583117748703,27.325360187693605,3
46.69287796719056,728.4322308006385,118.42879470740772,15
113.1142757565125,719.1460855028631,37.414726519864246,14
335.83979326365267,781.321536730443,16.163073219768492,20
133.67568571818921,711.8021531912185,65.9219427559632,8
9.322425650515259,680.6988601064651,103.09693719230349,8
74.09464968281713,654.2122479433219,81.68918483773335,14
265.7754269545881,712.4804729104856,36.233768607118584,12
11.907180839214222,577.9647992612458,67.83232301518314,11
539.8349358410588,690.7855499083644,86.06786092984869,15
357.2749479011937,689.7080070039328,87.64443459176134,13
9.780936142775511,631.776457319136,80.31807618042497,17
325.1100873827862,653.5867080672002,104.62644054829855,10
54.14325516597693,740.482876507412,104.54254954294842,12
223.4946694495875,711.5355874537481,69.89345056943338,12
65.0332444949395,705.0894166853664,52.15290792423426,10
69.76159791054029,715.3173766966012,77.34686517224688,10
120.6943619096116,704.6313793974462,98.36722816308512,12
178.72019865651512,762.1431281429158,1.6726004761009823,12
4.124783801663272,706.1714590851824,119.04764407276728,13
107.91905380848956,627.0893443090624,22.76435890717471,18
24.80349633697313,781.5064982437206,56.95962929353717,10
50.94848888307627,718.5170133664423,104.77153844630114,8
51.319519219930605,670.5373134602467,27.779807486259724,12
75.97282791182852,637.3299140852491,57.7386316441456,8
48.800454246919905,719.7957110479023,16.777279441560324,17
13.628780142620863,694.1413997512813,48.01408272119492,14
18.886733670783222,778.7073393016204,22.0791191203673,13
4.081178215391011,682.7046359666587,44.27170210376768,14
76.24180262711732,658.1309605158766,45.44224179833392,12
370.66728595164255,744.7898109117964,119.18732396220159,8
14.751706770474044,746.2640946358416,119.3827504871489,12
350.8417542719605,708.4325683805098,14.659567160612877,11
158.6233830974665,733.8178523837454,87.39028474007333,16
121.76730029307309,698.1156439628882,7.157712080623036,11
124.3704246132988,711.6932550504623,4.592849825125446,16
210.34687627775858,758.2495441281961,13.534733415150752,10
13.56947575142588,731.2659167010752,115.89279318394415,13
84.32415882099616,691.5362780833688,112.96276219946898,12
143.31879660686266,767.6181272963075,24.077410613400975,11
106.06476273716608,581.7572313604244,20.23900793089167,17
214.61272954312872,802.6036655710967,29.623675295397696,17
9.00196547402214,614.7020452554632,62.350092294941916,9
140.81363521305684,668.6453587613852,68.79485121221377,10
91.63549846685537,697.9541232402465,27.369618222294235,10
57.20199249968692,692.675966463592,91.03811178270348,16
49.91186046343835,750.3205520013278,37.83682715891544,16
116.3733083038015,647.1081690694883,110.73362773799983,11
265.9637955836428,713.0383408741532,79.15000206835094,13
82.26337578848756,671.0893950890123,52.92579212212979,6
208.96663624978916,714.7570489668708,94.9995282026386,15
61.73112807971893,696.7613870101062,98.33184049955311,11
12.962949039636028,704.6467826341488,35.567311067464296,13
7.617424241232954,672.5037583767827,41.42603071649404,13
6.323865978974604,674.4968024951959,112.37866329370381,5
57.39335936608789,714.3636257013713,20.60418356522936,5
49.36067419846477,747.1857752878022,6.01589961858917,12
151.87498949867873,670.0860332901076,55.03258339053635,4
162.95818665722743,656.5616227713546,96.34397812899184,10
6.263113585843425,730.6730082835918,92.82850465097874,9
29.98829734057435,698.3748053471155,110.42414484062708,7
38.46792052395196,741.5249066992976,64.45087905991579,3
95.18580302864635,654.7101393314426,12.907695916417465,18
18.730437736886834,611.0280537288285,71.05398794598591,19
17.256299608997793,673.3497959086833,93.62907810803218,10
345.4369008836076,661.6823695367492,12.106046312109342,9
195.68116767590857,696.060579995985,21.546230730613182,10
23.909990269237205,668.1577392864805,2.4625886775248373,10
62.619878682405556,737.0508475668224,71.64465695417043,16
52.73637208745703,685.5924868788742,106.52139264156263,11
187.85286244118876,707.5237249386951,80.80893460424984,11
85.6541406881836,707.8817279220472,117.86277042332686,16
16.415225994829942,709.7477546206094,8.501004647471625,15
161.18453553104985,698.7935444772513,108.45712913302805,17
60.67827905049509,725.5300345205156,97.874126199015,11
36.60775287781851,660.2172433087096,38.394740939441085,24
56.49620914642388,769.9708963326941,116.84965966863297,10
82.64044125341418,688.1731308315732,35.26459203239839,14
50.42965200371844,634.4225431050659,106.827262135558,12
33.23371086008641,709.4036678495886,105.80908067182854,9
60.99985397769476,657.4409758776258,91.16125637575372,8
2.323091356347576,733.2667267254437,68.05298638372938,9
177.6714687512928,810.4802788021188,15.28032720440968,12
22.49623832107486,660.6713954221075,64.3046364050833,11
5.387711324531163,716.6186166611992,43.45875442293721,14
127.2535263747061,612.2247205647686,95.27382694548686,13
178.43252445764656,722.6952614720674,91.21737557312454,12
201.73084555402392,655.7143100100155,109.36288837734003,9
81.62989021124108,668.7582690782759,2.7647893293732366,16
27.585167639964247,644.9356755080086,97.28328280194249,9
160.3760777637655,736.6075613027368,112.67698432183559,14
144.36202222902466,750.3652178736631,94.92675344386987,18
33.92664471004001,701.1692607329254,16.49314072457364,11
280.47081953059967,656.778664733214,10.672213476065641,9
13.227543086378502,779.4761518051931,3.4805835371163965,8
486.7643059228418,662.4794936122672,75.82068187354045,12
236.14614038678377,591.898385003628,75.93104557132659,10
139.731274763116,722.9194504978534,118.44273199196726,9
335.1347526667482,644.7612663179242,48.36713771838739,11
153.75049232451468,749.4304396749587,40.49684790280211,16
25.354246127658495,680.9431151663291,75.3065663349427,12
70.04114077961927,730.1856620272098,99.24743202840368,18
8.902578650132082,770.0750173276078,112.47609999323723,11
59.248185197790015,639.5570567689639,96.5717757753056,12
162.39098321177792,671.7031434553797,51.77420369328077,11
58.61792178875248,696.2164463671468,76.55479400213564,16
48.110007705423605,776.8775659517172,102.89961987921792,12
108.56963100202671,667.0808641029778,59.382552909096994,9
246.87890110112005,670.2748152025497,26.78571060094173,13
5.850302046181403,723.9070287777904,21.19708932999688,16
58.42778860300631,671.1385637144715,1.0187716047887507,10
20.671346672036663,707.6262941448808,86.47032140277283,16
142.63267862666763,622.4231289515936,14.22056785267287,15
13.408974397115967,810.7164971278298,30.01685286381691,6
131.1661268117439,632.6145384845298,36.44728345121241,5
40.455080301461365,683.9123648004896,67.68520335627544,13
26.614858115270962,698.3759482078952,48.35691599819654,11
330.5275368681097,795.6344067178397,81.28620505075625,9
2.243796667778175,633.757710953363,7.6210004601156225,8
69.10286330833057,799.1852067739376,15.748764117468294,19
2.6237140032407114,737.8588410551012,60.40616892045874,12
79.30321894440875,720.8547662211623,41.09880975377275,10
83.42929598616261,650.7683156491022,36.20179016741181,8
46.573234213995335,728.5570621019037,8.976341405465204,9
17.009995359570468,663.82566887901,107.59058179501217,10
56.66713891299936,763.3330626599206,83.32641174888104,19
133.86523658687454,651.4468985446133,15.472560661538276,9
183.00930029299693,694.3420752771958,8.740468970719732,11
90.79450646900872,672.2363455993415,117.00983147831792,13
106.9433141802355,650.6238518786503,82.05953350230108,8
26.869717461585807,737.0659908453957,50.67727246015524,12
40.64847196610348,726.7729373704817,84.50599384993839,11
21.193513909805663,760.4505099450498,91.00348259113893,9
34.40915762517336,611.0062445895917,93.81550208426474,10
30.56954043207931,753.2085351170522,57.86739937271386,12
87.93857667098376,825.2724452678447,52.15604821685691,7
99.25321297075733,677.4179455411527,2.3123420279991405,12
347.93598784185764,794.7574306054485,111.26029670187873,16
26.114655758837394,686.8419363970087,72.79363752828422,11
123.15802380803369,631.3795131219347,25.175318525606205,12
203.96242813589947,684.7183778796602,110.43280691115096,8
98.5835380836641,752.4101983837638,109.87689631066527,8
35.32511559607241,658.0911758834234,118.71291555956542,15
36.546876190721605,669.9830670496757,105.01273101353848,13
4.805307281024227,729.6769716146596,119.7363421505877,12
43.73793751999226,700.1530058369286,30.117656386669438,13
163.79264884269753,729.231147624337,101.22770063870885,13
5.842057787061932,711.8914770379168,98.94036874669598,14
29.70699398715692,723.9812659775787,28.481902747267316,12
146.99599629987358,678.384940709523,12.714068331117902,11
183.1504214309503,711.5865471015196,117.55104112763436,10
72.90646724382403,653.6313497152033,36.22692163095263,9
143.70893349731074,764.4216811251695,104.63612306566893,15
58.913381247738684,668.2862641591344,1.4911314062778636,13
20.910013529349683,756.4423743774695,3.5019520591326625,12
60.929543114758474,688.3196519508567,56.43868573486784,11
104.09087424909957,710.0999505378661,29.407047388272563,8
354.90440840778683,675.251772455465,83.09111272887975,6
8.547423799919228,649.2002284415986,68.30215474258657,11
84.96549643308857,612.7619806197349,10.220809896608483,11
47.86399123007546,647.233792070377,20.35276726157033,16
85.1892345845027,683.8045573392039,47.1778631369513,15
2.9121043810747764,710.5939589414442,23.086883610696546,10
45.05494726173668,750.5189656641631,95.2744593220275,12
205.68794190123717,677.7121270101576,50.512358030840325,15
96.87668326960932,655.9019617866413,12.118392154257412,13
71.8675967786802,627.8642606998644,58.63680537038286,19
40.34488465228704,724.0031808952052,11.809743546308287,9
42.46589406814218,769.1597257664672,16.343539344958245,19
57.966079995772006,763.3165133978144,29.51357001135643,15
216.63295787959686,735.4966374073618,103.28379692445128,12
410.1275389523392,731.92716586338,111.02889134762366,13
69.29043222808336,784.881188985467,99.32466979051623,11
59.976952785397245,716.6040730708405,40.75518887272382,15
224.92626645325075,732.3064838012086,33.421126491950965,8
66.80452097105949,683.9608069074001,66.34952720403847,13
96.36031326597538,631.8978314572621,86.90052610344037,10
31.510614428923056,665.8075549750212,119.21136179106081,12
163.27638005981356,699.5420480732672,16.656914713592222,9
91.11144268993705,703.0392686250651,6.865747883832728,8
198.67953103308034,796.3142927427697,83.62835079043725,10
182.0956658920318,704.0638583795534,100.03486823696475,14
29.04931625370151,758.9421722012822,101.71550480410436,9
150.8998308993165,678.2461379211842,81.73716234018212,14
193.1651987040581,684.4162057117383,114.52788069018327,6
50.977430124250006,633.5496181388276,61.80956686180584,14
22.737364670062682,662.8835993561714,109.74396100200929,6
0.3162750950218848,726.3490695681877,116.16964430199124,9
71.93776291122046,700.3780090197066,101.81173738336982,8
52.14391215471403,747.1469309948617,37.861269027775855,10
97.13740760683476,709.0626974172525,24.349662489265135,8
24.996665608494457,682.3773134181129,66.2262877328364,15
235.64721121518696,807.414843189348,54.90875529524243,6
35.769143057260536,695.3048215643477,105.45324272093522,15
30.808632578396896,758.1500484852652,12.903768856991292,13
78.63607159641309,679.9395396727662,31.671067296070714,11
82.90222371641755,735.4799739691783,90.46407439772632,15
29.06161665537811,746.4007829575844,12.303410752300143,10
38.071552756841456,710.424598528779,39.17096526858232,9
22.316940922630607,582.2758538651699,47.07149189242399,14
152.09776547608254,700.9126230428056,75.0886617909601,9
176.40757648891196,761.5230023879988,19.817784840604386,13
74.46089944552827,726.3740416513865,103.41193435161543,21
150.24813475029487,722.2919437614623,54.25752602048664,17
159.78737739204442,613.887153302124,110.12558371378623,21
17.858363650887206,663.977246466247,56.67651972243786,15
406.39734419119117,720.5678815575719,33.72979081394727,11
206.4657557362881,720.5191638393446,17.87763061383331,10
27.451636916268427,760.7333390066451,1.4456662706428927,15
24.719721618271734,692.7566622426953,64.32674071319545,10
16.114472781402863,720.2912043336908,13.751646934303887,13
17.872712695542415,700.8187120965647,47.615603872110206,9
165.47621487803474,650.6528631749221,71.12333958721332,14
76.10713676957126,587.2104334452627,33.80662173142134,8
183.30655440170833,721.5504846065038,21.851690791567716,13
164.57100442701415,708.6973604206406,93.19187309051165,12
111.34674267494275,669.0912478949915,113.66814950151284,11
139.1436614460969,619.0413471742067,12.952409725573954,11
2.223153724732706,731.4869757204369,19.515248601815934,12
44.83719665751806,686.7039962902224,115.24150621307352,7
121.8743964298504,727.8437361184073,5.496322395657307,10
1.126666981301043,793.2024265205879,117.33824804950619,11
4.023952880642912,592.9284559840148,1.5526934871136637,14
229.17436995641964,665.0199595648818,104.96657002250844,12
138.25100936773154,689.5312193344043,37.571696537542195,8
37.00655335133563,772.7413087073326,112.6920741230983,10
139.7559595297358,618.1798490396758,38.71648934763467,12
188.6898165224068,796.7930512840302,78.86245226255267,10
43.97141688893224,706.7927950783145,10.523875802146462,10
4.404331015524344,695.1999669133071,29.83724756299494,14
323.9725722198353,690.0970118390546,93.06784223103084,15
50.80735719952978,678.1868483909985,63.91361658777954,13
13.510624099838617,752.4058379634578,111.42831835265832,15
81.23905462337122,646.573962295878,52.02141759262116,13
175.56435642347475,717.2707090821926,104.50767153185684,11
30.069064129193833,680.7909167146512,54.42569705991026,12
37.68149127108495,661.8933275742951,117.53054516553625,12
33.361871140294696,829.2987587841948,115.22029138646634,14
574.5910051646251,720.952536737673,40.16726796117356,14
26.388416784501185,730.6632772330572,106.42491677959958,9
102.8269079672103,756.8888390334331,101.86575353166226,10
311.25623530882945,628.9325027340726,26.070967281979975,12
19.064937975536715,787.6145954561016,75.2905576932091,13
424.25332628873934,574.5521410752463,9.64919555518797,21
353.58102873787055,661.561679498074,100.56857574943193,9
259.0929849484916,677.048416341055,21.770960136916088,13
28.980813568550314,729.0861682485253,9.426949464905977,12
120.63268597865432,710.9359133070744,48.62607236911853,18
171.70052905069338,691.6592629650803,69.65373449335758,16
512.4833775535317,699.4001327686138,102.73511806861275,16
23.87615142442053,651.0988488238715,116.93486053708665,12
174.30538217478033,625.1383802757913,53.29960899581378,15
49.644081892389686,736.325581116803,8.193183835247154,18
23.175783996601737,734.6853056268093,90.14475390407861,8
65.6524841412161,779.2247187578529,68.25561749064856,9
189.48994611559934,660.4991451592396,54.299070036491116,13
75.02493968956185,734.6407605150462,37.80299657627057,3
92.53904035943869,685.8146635817634,60.78542481338074,16
639.6862447438527,759.5237492596741,41.302872930386684,13
61.12106685723772,751.0981388339071,91.08441226193588,14
114.66640897822793,710.5604699612228,65.72334988262429,11
54.54179082339308,683.0234921667006,105.34488512433933,8
59.86480968768214,748.0466089304131,65.6817258432836,6
142.74558518210398,732.3452261628283,29.353227187451672,6
333.45595047741426,665.7779798956909,102.27993398562519,12
93.80041642175338,633.6100663260285,67.30906634667522,6
175.52918717989758,685.5733549659102,25.61408353908379,14
11.212697517475139,775.7706907674104,75.19742938479044,9
28.46271349522042,757.324357936652,43.56829502814888,19
83.6903491316515,644.3836265164709,101.48426786275583,15
2.4257604330696285,641.612129205004,54.9426688989386,15
34.97951693867633,763.7341924839743,87.4465216147826,9
87.42837581438681,643.2182047621086,12.368808708712223,15
1.8089095143264387,725.4647661821004,48.1268972099792,13
36.87212070809756,669.1964392331838,118.00573094021544,9
86.59320859822004,780.8522462260842,97.20677444778065,21
102.15850244885232,661.478760043106,20.03295548166451,7
312.04083643811475,757.1680765102914,34.05392188779336,6
124.39338604457313,709.2429327030183,40.24808125390697,8
64.28302969114479,712.6097427117144,78.39350169895803,16
319.7147375507129,601.48457093243,91.08237637926901,18
184.38877627193366,589.8543323397141,90.19366644814126,11
26.778564332078577,688.9717029866343,61.675012700461934,6
16.827692136932658,712.3453031708306,97.48764400274,14
135.17166731473768,643.7401086131139,53.01229184813953,11
98.48580654454044,645.5653294761829,15.741787270171868,9
187.09136817361542,728.0736314913066,68.16857915680379,9
161.0985859094179,728.1427240228566,114.3238647675317,19
117.7672202948658,693.1129469806036,95.36624451570884,21
515.5650522110046,739.0100860593037,69.86537707537684,16
91.52275496393372,641.2898852139926,77.96987358154253,10
14.40354398495014,682.2032541456515,111.73688121723315,13
211.42230737541763,782.3938802891837,51.9727925377603,14
34.81875366913751,703.4161064969909,40.43590253417385,5
180.23272208091183,706.31562572935,117.29174623505344,11
377.88586495874057,815.297329298387,103.74973288772968,17
143.2017395629506,630.0328917075615,39.44218656961368,13
108.76980715490527,739.8215183321055,56.18989108594982,10
74.02818424769632,783.199313990405,50.39429735192809,12
54.384164012869405,683.7571036750727,18.742385761900636,13
52.249959310412315,742.9815393427423,114.98049953377783,8
121.39510232290543,650.8990251394548,49.1131793151513,6
166.96798076099617,665.6633802216325,105.16416083391105,18
136.17729959736954,719.2483208023817,23.533391093999143,14
26.538978002436995,739.9283336555295,66.19662646582915,14
81.74319291969775,756.0468256203123,3.8514048297881085,9
188.2185927047478,778.4814293469747,91.94223757723472,12
77.48388213410279,696.6276720722409,70.12875389130713,12
92.30578860610733,759.6805877586294,75.44516043290056,21
176.95530585469857,682.8847578275426,7.154785024003761,15
129.90457108265693,745.1045655794134,26.11356129482523,12
63.182766530923836,710.3744398926091,9.845373810076039,8
270.9279908002755,722.2838953540962,35.3808035806536,13
21.28969205710705,721.1753937011018,75.66524191417597,10
648.8807785466524,619.7647495101094,68.37613213376765,23
15.18363992862963,643.7939070569613,73.84582877199344,8
1.8075418011284563,705.1270719908762,66.36090129396942,15
264.8936107894901,615.6360460179416,33.490426685427266,20
33.7171143966891,741.5605551599878,30.0963921839866,14
156.98657368861979,743.5777983144071,17.31010234085317,14
199.9307539294103,716.3585276438895,102.03943411351555,10
235.06786509105189,643.9432993621039,74.3610436664081,15
573.4605093629979,769.0069469434258,23.194810487983112,13
41.783554750364274,801.8605319859179,22.087916198727502,16
148.64565820146646,707.3538413722987,104.89123658161027,16
14.714346400902738,725.5267689225618,89.384972787835,8
62.66871983412281,710.0869327398023,79.4684905087392,10
226.04262567210458,726.51845944994,49.41682879717668,10
54.998995775608236,694.0220621686802,32.17509214914359,14
107.31280252550741,698.2717880078098,117.55464081042602,13
84.08672278309811,745.2858800248682,95.87150942771322,14
124.59857489497912,817.281208094822,36.9117275532169,14
432.9617446632718,629.996438279913,101.86021075714086,14
6.881878736448405,694.8093757798516,91.3129018851471,11
102.38707227473586,640.9769757383959,36.35258543548181,14
238.55813312899332,779.6012449288041,51.759789654755124,10
78.79068840525132,670.6131015340051,23.128460001532172,14
9.813840497174395,627.8399603107102,14.215240880995012,10
98.66485259106489,731.9093499424287,87.00868190792391,12
48.429327188340174,787.2155557371556,32.833911025110126,12
20.201971308813974,733.1798934280381,98.58706452380417,14
226.8844839700005,710.2398938640958,119.4774366702167,8
88.47684700213034,720.4570461387997,10.117757857628192,13
324.8636101296369,770.7420331412777,57.29117988496033,11
196.79786385737606,656.2900364992925,96.44544455798557,17
141.69787903879572,694.4076447956844,94.8851566884068,16
0.6045808409956734,677.3654925745234,91.43966184138525,7
66.99692315780828,641.6067346354145,42.530397300927405,14
26.400759553136904,683.5812370291599,55.00853742652122,12
290.02209851228656,755.3860547991225,71.80123452363496,10
23.024131049514867,728.3301074196363,116.8989294452176,8
40.43477113740523,732.21552500541,39.97812524168066,15
87.28808729069468,707.3237805826659,110.85412263830607,18
36.67930628947901,726.1661891364295,33.0534732634788,10
28.266126432830514,659.9704828825948,118.69986139137085,6
109.68498910556981,684.5245057036385,80.76137873248342,6
11.176202664755605,709.6002118484338,56.15786616266756,17
7.1913729695324236,713.8757929440945,73.99346093956898,13
55.87269434964413,716.0093927460937,33.43120911578461,10
153.04098573319138,693.0832358991811,33.62668904386452,11
97.10962080069908,681.1288299434835,14.512990717375766,12
65.96387311320956,857.8885641522149,14.571985426942453,7
100.09661711958697,745.33936364662,42.372937234800446,8
54.58098389080842,720.6573737976311,91.77980186966822,14
330.13935657138416,688.3395750896804,73.34856894418134,12
6.776365441662355,677.4390586528061,13.207562679391478,11
134.27916106309058,693.4599703136522,102.4161464721334,18
266.28048244374054,714.6414421793341,72.5627476118179,11
195.48630863365477,605.9782227968459,115.34181363738878,6
24.406945566465986,621.5305202312658,80.7520706219337,9
42.10467724445297,668.1558805530522,21.84580878079754,11
151.49733484950696,710.3569718389284,57.380220114630845,12
10.564119386769537,688.0363426424075,78.1712141081173,12
200.46935368964222,773.9060613049742,4.363499424947346,7
152.28834077748309,625.8801606502116,2.7743214344221396,9
156.94530305796806,662.4327265198315,16.39895707122958,19
12.675448897582791,776.0045870495551,30.94806777041102,12
151.79993237942278,706.5559662337573,52.11634569896039,16
136.66393031464762,744.242129140058,59.00541637741482,15
213.2877642011213,802.5623471634732,17.42528546360972,7
5.098299883788084,665.3097791049089,81.13359791478386,12
2.8058288543621326,695.0342831103984,71.94042934188765,8
56.01840743803209,686.3786549534565,36.04122776209807,11
19.331327545742703,602.2703497758362,2.625526128799749,12
98.07787610487148,684.4801598122016,10.240101927041598,14
299.1752596678797,744.0531093690332,47.61167828578989,19
59.60700674840858,727.0294770906121,19.322947788716387,17
223.68120800046322,730.9541584694005,45.84153313160853,12
0.02890842393510605,681.224550968025,75.75372993673226,8
22.144990967906203,667.1951381997179,66.12125391763475,8
3.707512998940857,763.462783594931,28.509930093349915,8
47.725917728481946,675.1341426821165,41.914876459791536,15
286.5635581366081,714.7041019396607,74.06971261538942,17
12.23756492404794,708.1667340338769,103.4417483371704,14
111.89339440807795,773.0858508128559,90.63239920992639,11
72.06727148200804,748.570617883618,66.85460319317637,6
334.5841638721713,635.237068966644,44.11286679966186,15
15.684016648458076,640.622341661248,44.44110202747485,15
28.595103963094385,728.9454909034567,105.65065992146313,9
3.5984545952442564,696.7831176310417,5.6699855488250215,16
68.28561688530714,677.2414108023117,118.56993468601105,12
39.059847098576746,750.7813941997235,80.06067389133591,8
244.73970056750727,709.3729691044456,82.05538618961447,6
111.4463622360269,702.6228693444722,5.521742639264317,12
114.2583611552499,738.9914320377525,73.05798371206139,8
91.09154191660244,681.2445502528218,58.68858915076319,9
11.561530454784945,778.4259492736277,13.587689920393972,9
70.65849962068435,660.5976188383496,34.07271928155373,14
913.360334205938,732.8464533171044,106.9474202894245,15
216.38404956236872,771.6916419329923,66.4486214880484,7
268.7071079768524,631.135225536395,50.19657244569514,17
207.94622767853636,682.8332412073776,9.649176545056502,8
13.049507876953191,757.1103696442779,85.98046176087436,13
30.966754490909736,757.8622273865512,84.63924798412788,11
0.37518406483966293,691.425219980588,74.07118922973507,10
43.404242719620306,663.266445316157,61.72125490025726,7
13.796438722158692,747.7967911165381,52.62034386267735,7
76.8195207783221,759.1774551290803,71.59926006557109,11
135.65972821701553,641.7668325743803,28.774058755680397,10
249.0590055406619,639.804317551681,113.00982863714007,8
165.98014967002274,711.2628340991799,71.06654897244732,8
334.81330498814384,731.4680316714446,38.03190087817081,7
6.648624032359186,685.0465457384972,54.511902255333716,9
1.4705540945071787,733.9646909991175,96.87648987635019,6
129.93036663234653,664.4931696581309,20.232311226905395,6
40.98943516525504,594.2653200463133,35.84743907277099,15
35.083322779631374,678.8049463833702,81.86145470565009,16
48.216294642964826,703.161607325655,38.54321557138464,10
37.7317693328177,686.2080020051771,95.30770014151445,19
85.95427612790168,642.0698368170257,16.523964974105937,10
69.61003376673735,609.2175512060592,91.75965428409842,10
86.19821256055637,674.2955597816051,9.133854067217381,6
134.03036226839396,744.8827885824871,2.4985209074318795,12
58.7523921343729,762.8098719706841,107.8885987410273,18
34.73126125413237,759.3856692069228,70.17936681494353,15
21.811482881473054,659.2045232425723,42.867400753330564,12
51.59690355858916,642.3146838184819,28.678761798698197,15
162.48550551561763,724.8317307489948,74.40940820803712,13
169.61762528413843,731.7550005798963,61.571259840871846,13
131.91944463430235,720.0084802600248,119.00013528806824,13
31.993187076358566,599.2968362881119,118.00270241179575,15
106.43295433739242,656.6557707558267,76.56792337085155,22
101.469026639246,698.515560485701,53.70159022660097,20
79.45974413112236,724.3609097315214,59.44577532702479,14
95.81532004599515,738.3653681301244,82.21500888218657,11
81.22341309667613,707.212676114102,13.087370764010384,14
100.01506992168883,716.5391903269118,40.07389678347546,12
150.8451546914136,704.2432729180553,9.957396679428859,18
13.933937327487515,734.2809687109242,9.729930382513428,14
166.17581869087522,715.6432825745455,24.304869785413814,14
17.526089780810494,703.2868830023643,58.745137296593995,10
8.274173048467565,686.5815600431309,94.38814421837193,8
447.9632678584945,704.0645712521241,58.774011048738835,10
377.56365119876574,724.2295689419637,40.9217166567435,17
7.480790532098625,713.373769444903,10.800005850074218,17
70.27741850745142,719.0413209172627,66.48516725879242,11
24.73150383160475,767.1360930675593,33.28096179149804,8
79.71099670120441,713.2581961373294,74.17716717214054,9
212.7599990044065,667.5500739763421,117.28534095675778,10
360.9651885982311,744.1803392997084,14.24640425582847,13
120.69749927175462,631.6900831165541,26.24292244791085,11
52.41717118468711,645.9293309630357,57.298250033825596,9
110.95672791933949,716.7923632360034,116.26504402616561,6
44.876200735684876,725.8198333893289,92.84536337612947,6
288.71855756974566,637.7474388248003,107.88927398637678,9
245.19672821014257,680.8591259506625,40.712066968619354,9
98.03638275707019,669.6958083890171,119.05257837965276,14
47.12936752004765,675.6661838559202,13.23710511163473,15
41.67311193135795,747.1798888136473,7.303775819485999,10
4.078696348856307,735.3252731773626,102.81671261942935,17
203.02156311802753,699.0438910073146,111.34451955463136,18
71.8240793495288,672.7019036442537,11.779657547986108,7
47.18874461596923,632.517516488993,14.497863782755138,11
76.43705753613804,771.0092469390975,4.947724772937084,12
204.93740734582562,729.605695014246,13.436399954484168,20
15.970870118119556,664.666544796343,25.920958199233425,17
233.94102398084198,735.9799748812445,116.43911765029011,12
273.357441635741,696.4888189712688,80.47536644652197,11
351.83609502422695,685.6445247568829,93.64781003670652,16
60.79772210723029,721.7605764144802,93.36058903929113,5
29.376229748613277,662.9250875043638,64.67377622372655,15
56.13975600108957,682.8121740244945,95.90118834784904,13
48.58001423904054,706.0730532099773,71.90109635440639,16
23.252586424508046,675.0274403557394,38.43098561479955,10
112.1549336770317,733.4542605133762,67.77210294343969,8
77.69465407778203,793.4533251839131,64.4875217500071,11
240.92238772092355,662.2850933696428,98.99091339735915,12
3.91636813090003,616.7437351847977,117.82553886841742,13
123.89443522994354,599.9129916261869,49.914065285090736,10
172.73753503494925,692.4765929252509,91.8434907345218,9
170.9975214749701,666.8417704936909,12.871797480537891,12
260.664705041148,710.393025053354,93.44293296434634,14
156.69131737688284,706.6298836013051,45.19861252719462,14
315.41455209551026,619.8391576692952,5.687429383872713,12
48.53406272464581,609.2558085259298,44.22629524889909,11
83.95040440276894,714.7966620173048,73.66648735967573,15
1.7015666457719747,706.7714417359979,15.190769954094522,12
0.837828500474908,678.7091000816724,110.96010459920029,10
32.9524158527185,617.1428207433847,10.243017179467792,8
12.750936457266906,723.5695631382496,111.67079966014677,12
36.166891911626706,763.5949772711972,85.1493646343467,12
23.382202252094018,713.8991220109461,40.23574887429023,15
3.4721547199151734,657.6263054717467,47.49929137738209,13
288.0292366222186,702.2276082785576,89.15631440319656,16
0.9908553400289765,631.6942959533158,72.57506100486367,12
159.85408524550618,752.8980356919396,80.92550765313848,8
19.805886402127435,704.092216726477,47.31058936510412,6
291.9637458806527,611.5921544123385,59.04980433510428,15
267.96253849232744,684.9662819778159,118.79423060050931,12
127.32370087139672,723.1650755117115,26.456821589466408,11
133.8546956242536,683.3476189512239,50.72488619613364,14
0.6424135350606386,686.2052139279913,35.72695932130211,12
502.94151204264875,638.7798896476364,92.04826974234213,9
252.28356874594033,728.3270493540828,91.91750245422077,15
270.576853743804,667.5765399990431,35.80100985869011,17
129.1908211681885,592.1777311497484,10.685447679324966,11
50.73537557775785,681.4371314664803,2.3604885239922813,12
268.9208441915178,749.0574857785176,51.86661345585578,10
41.35549356976354,680.6535276700026,49.83017372595673,14
99.2594661313169,786.8992492561761,118.61839555814369,8
12.607396884898286,721.4483974274259,56.906447008023875,13
306.0573323485559,716.9379081140183,31.513785979475056,9
18.20630068862886,693.5800867041196,107.05630348274462,14
30.571092551608146,696.5856896117855,59.437086008775836,12
98.00987617853828,686.8288182440248,72.30190059005876,15
173.31811443852905,684.8865303958737,12.384576540957308,15
115.90540704501453,726.5433581033575,46.56705247224311,17
31.696791199574545,653.2084385104718,113.36261726238062,16
0.11321849662211513,646.205308563787,71.15114071687563,9
169.83764397176878,643.8402474562312,41.99572076195294,11
505.6347857705827,802.2827273838577,75.45439449515958,12
199.23288597443533,726.517145083529,109.33891965979582,14
73.98826066318318,715.2246100840073,33.60488145623822,10
280.91827933307275,647.1242664853285,61.10888949801026,7
63.284951310006235,731.1671150337414,115.08418781549888,8
89.31620574736932,694.1714326773335,21.515141052515865,14
77.81063603037975,710.7084470565875,86.64000714600867,12
71.2231289576625,651.1689842068222,74.1232399761549,7
179.10037199349196,708.0134428708789,81.88134060573555,8
89.780572999218,678.8083230896758,42.79513604944079,11
45.701560242475054,661.7194421484907,38.35164544456803,12
35.834306699716336,736.7053167903624,82.42095080001609,14
4.617383823796145,623.1146095734998,26.649650927440895,15
105.0164617012974,728.2388132157075,50.93891463822161,10
31.357758662529395,734.2243066776498,23.392782880297244,20
19.239113996758757,656.017816222438,1.9882760936762394,16
127.29902287374154,658.9835769433766,116.43682584453026,15
137.1864446494248,688.8487159366799,52.372654460113864,8
167.39415521934893,714.101810523111,116.35260411595921,7
84.03920211677391,692.3572504092888,17.698498852371305,9
269.37977532419114,721.678123009594,70.89664675544084,12
330.5090531622141,788.14898262687,24.915909902157512,18
197.63866887169695,674.6141615425144,95.0188211086297,12
121.13822722096069,614.241001464829,94.26065566255605,9
43.44057242998561,741.2961791515327,14.400250735678103,11
488.55687208983915,784.1657287963765,109.53566989229031,12
38.44714078370178,719.6384181525563,24.16092801718373,12
27.176427728459977,645.6125662323166,73.94430364913389,18
70.04070531958587,693.80538183824,118.29040079043678,8
7.022393350334842,644.0738257894184,106.0051876371973,13
460.7333903830691,732.1427746981474,114.83110749877912,10
106.53417661327323,632.4354798650783,41.76925377495621,13
97.68928434680156,684.99356065859,13.56350142411614,22
127.9825904762162,649.7831086853047,23.41327792144456,8
82.46545481533653,706.3412342567481,60.55889251411705,12
3.910657282997127,681.6829161431122,95.39433171452534,17
113.70630626305844,708.8381051625132,18.86828365788115,17
151.12721653469077,701.1175277483183,79.50805233903009,15
64.69653089916534,650.6670486137945,39.50573488070191,7
169.9093106355295,731.3438531764511,41.60304661466627,11
30.897349355957683,697.5617174078442,79.76820988879324,9
30.011922635379875,650.573549606705,56.5729309244532,12
21.125004198029036,812.0463278102897,97.63196187009328,11
55.82481219167731,723.8215083358563,19.55430264987642,12
225.2875228029025,692.3369723300348,95.00384410227758,14
211.16995994948422,770.7602263350911,8.643994518833082,18
57.91216577969321,792.0907804693304,24.092411749226994,8
106.73412018638875,692.7325288843058,79.08181602587668,12
153.10624198776134,717.369874321738,102.73615312481748,9
33.123116285081345,650.599859099853,31.068875700982538,12
22.09109123196195,692.6403624615995,39.93580109364064,17
429.47819856049534,690.0468723120065,64.91736904612205,11
115.34117704787622,709.2413516810827,26.177163972226978,15
478.252717868513,716.6380239318505,97.52759512891318,11
49.454542975571016,727.991422441403,93.06276075568553,13
145.69558557546506,711.8821328149979,18.289713723928013,9
30.21659260800741,639.4628686685418,56.19573808617922,10
36.32739149810984,653.0766447129457,93.20450423189995,11
86.06871864862731,672.6796190268163,41.14221420130636,19
46.21212699646904,685.8879704038386,76.33971190341006,6
22.016170850545592,752.5387145236057,6.975361453451155,10
36.60066361627377,641.8530506573544,73.43396250298883,9
4.368362020218553,682.129247591465,19.165704620072233,12
146.2593604052102,747.6504749107025,99.83941568861971,13
81.30041972492884,685.0061262751694,43.298486166076934,11
11.878115297853865,723.0207824921412,34.50490966465529,10
22.604714322723964,693.0228978536048,101.06578822866672,10
12.981677032432632,712.8391628662362,6.967138745545414,11
113.79347569233136,688.5763728095229,48.19644712078703,12
11.873782718046897,733.3532736364177,45.03042132842874,13
168.428651690573,622.7471796296783,34.89124453569655,11
2.4869027413227704,681.8343995805727,109.49876550817577,16
34.42201631217691,714.8286338347154,90.36047882848995,14
265.6024852371968,726.6847624003096,8.606856538840713,11
152.1280910426807,774.6476311376914,86.04780648275954,8
9.092106382324303,680.4487666567212,63.74859684232648,9
206.5289058893685,773.9740880930436,108.20327943378793,9
81.51762612543581,667.0488086670165,38.240528464454655,13
225.10802869164584,766.4323205772322,69.32527795354036,15
110.17702563824066,740.8733563349186,60.58987769417734,12
137.42147729945393,654.3270710183889,59.257747841085084,12
604.3431830133535,715.3519618625911,55.276542542548306,13
31.72830600745639,697.4382082233905,25.46990758834147,10
117.36256777106267,731.27922968375,90.92948077659474,7
74.01377800545913,688.8364205783345,54.708987895975355,14
4.830153004729027,684.6376887169134,115.06343672531008,14
1.7491634849162014,768.4547291381425,32.03620283594038,7
15.234856727678794,695.0639552772163,82.24651691561789,8
125.66765504817701,741.3211162095884,112.94533247705391,11
100.48731220559877,688.73242574779,79.95154043891502,15
96.73897600272224,783.3331629613762,104.68147600646996,14
3.885027606918231,666.0832685332254,99.47023421108372,16
76.02768422599485,669.2928234376408,43.85400814319146,13
310.23008084091543,776.2258590557951,72.41474885280009,11
60.81841265127095,677.7526804552374,19.595099437551315,11
117.67470325802479,780.0537153082196,64.72758004077635,14
181.59646444614117,744.5920289797407,28.42021464590613,6
183.85572014631066,692.2675146719583,89.50468097934103,12
87.8964564427434,609.3353263991421,63.838952205162826,7
234.1907839163906,699.0340847864082,49.9360561531676,6
59.586965644422435,705.0815026766712,32.98685444387033,14
263.4558071111542,758.3608866652187,119.84511933911314,11
32.968295224109326,779.4223588120055,9.533551985306989,9
39.45656128986123,665.7506410428126,6.183720988117982,15
6.550028278451479,740.0590881994092,26.85363065876988,11
190.51050747396133,738.2701078006675,116.55762257671054,15
64.75954103337082,753.6706351205222,117.52934203007815,15
31.22618004811335,724.9344956067772,78.93640043788417,18
31.643100851142755,602.8751154519115,105.73269339756216,12
278.00201055855877,692.228878373612,26.46144597005465,19
215.43182519141305,642.2146212541543,116.67300920701821,7
96.7662063828762,689.8697113540964,17.991397166608195,7
114.88815729361828,749.0002118066947,13.033897393617336,13
77.16878559542582,715.2575417937486,14.353173170425475,11
59.64385177761432,757.4045433198717,69.20222286943519,12
296.48762243879736,717.0876960356769,93.93595368544823,7
16.10782445958052,635.0837030165549,44.63339416708134,11
65.04633671911392,573.9576496713632,117.36962254654905,13
50.69417089871041,707.4404380839795,52.69599643608121,15
82.73465326985324,689.3036766824417,18.903377542012738,13
73.41723718045256,651.1527130309059,56.45004303415027,13
87.79900455816392,614.9686375174311,81.80542268527034,12
18.087441797466475,663.2628393263645,100.03486788002107,17
86.37381067700305,690.2754257567613,55.593426504834554,11
33.31494851460853,733.2938911853195,71.63921229985093,11
24.44964857054767,709.431554078399,32.81402074690355,11
8.043775115915443,780.4033623586364,77.86406664225616,9
172.5876257474083,648.2197971977303,118.3306613300909,12
66.91693204965443,744.0529446028717,6.837375137947469,14
118.22664512378554,702.3649371564364,106.49714981391496,9
156.05511213577284,734.7334562059292,67.91161782933521,15
136.47613668765038,678.1742568367229,30.99974048791369,15
76.29881663949199,753.5840186945295,114.6318754911017,19
58.90286494164596,714.7612379172622,58.519162064008974,9
56.584879836690256,666.0277507541125,40.47113994913289,15
122.6144164496693,699.3987985543406,22.598217764230096,8
81.93476575927376,688.022207053145,30.08981302054279,14
226.9621968492303,724.4589175318897,100.10903594938166,12
249.24723045736292,641.0111625312745,74.11479110874274,13
22.440595252255914,698.5324148942153,109.67622871910962,8
17.574357213678088,719.7653626324666,28.604245806776515,9
119.44037336716842,701.6511653596517,15.415490288019276,12
43.011305701433415,767.3470622194498,1.7244161860952105,5
2.24943835001116,738.7011387035526,61.43558247630326,12
263.4013263907008,699.6259601629627,119.7985247154566,8
30.881743809750375,710.8344548748837,83.70086698941803,7
317.88432908513715,714.7832775741,37.69895644385238,10
151.66136676259225,720.1649802083411,105.34617138011443,12
172.58809652922844,608.7171002167696,94.0249496525672,13
26.996651018080694,684.9236852115326,2.8344047631081715,11
32.01923529626698,625.7780465903287,98.20639718438167,17
88.39365874566232,763.9140473729743,36.76268411138102,12
22.663527222815254,696.9575239998536,18.81114228544853,8
43.73577203474181,690.3329525160188,27.933369928711873,14
46.537859971105,744.8398666016618,56.76099672064154,8
20.86955142113454,721.1162398724937,51.55928332109331,10
27.557180386855975,643.5682742810396,35.37758862553298,12
186.45305117038714,696.4547318736315,21.493980342636892,8
21.954814075769068,683.2416513386808,91.70546396741814,9
3.464418361692449,612.7733555696973,118.82306426445514,6
119.10124715982079,665.4861883381398,93.55719806994315,7
447.479800467245,690.8229838991767,36.21649915291341,8
48.27490479131841,694.2524534254079,30.132266408043872,18
15.156831253785054,625.8884288161346,26.90223925184665,13
101.38454794659256,757.5832791523737,17.266713864195317,18
284.18829809048236,694.894847055428,66.60833541338384,4
183.93155159199375,701.8776538330281,73.04264426244795,6
116.90720960483387,720.0320819169918,84.95481661891334,14
45.41027051048702,660.5961873048165,81.94539114110648,11
93.67493984231407,722.8177986566349,35.78766404272251,9
11.48154881477291,681.6462676990908,40.30700964222474,15
136.33729829835417,655.1707229676405,82.1002297176382,13
154.9600082296563,728.67237466777,42.58426925325177,9
